houseid;person;age;weight;sex;ur;provinceid;exmd
461211001;1;38;56,5;Female;Urban;46;0,5231271
461211001;2;48;67,1;Male;Urban;46;0,5689451
461211003;1;44;65,1;Male;Urban;46;1,0687778
461211003;2;43;52,5;Female;Urban;46;1,3235232
461211004;1;53;57,7;Male;Urban;46;0,5700269
461211004;2;49;49,8;Female;Urban;46;0,594021
461211005;1;40;56,1;Female;Urban;46;0,7731823
461211005;2;46;71,4;Male;Urban;46;0,7696376
461211005;4;36;65,2;Male;Urban;46;0,8546492
461211005;5;33;63,5;Female;Urban;46;0,7826272
461211006;1;57;70,5;Male;Urban;46;0,5597702
461211006;2;50;71,5;Female;Urban;46;0,5051983
461211006;3;25;64,9;Female;Urban;46;0,4113182
461211007;2;34;53,3;Female;Urban;46;0,9148597
461211008;1;39;73,4;Male;Urban;46;0,6200341
461211008;2;41;65;Female;Urban;46;0,6006692
461211009;1;34;78,2;Male;Urban;46;0,378375
461211009;2;31;57;Female;Urban;46;0,5679957
461211009;3;61;75,4;Female;Urban;46;0,4361936
461211010;1;32;64,5;Male;Urban;46;1,0718605
461211010;2;30;63,3;Female;Urban;46;0,7670498
461211011;1;43;67,66258;Male;Urban;46;0,8668233
461211011;2;34;55,5;Female;Urban;46;1,660627
461211012;1;45;73,5;Male;Urban;46;0,592381
461211012;2;45;56;Female;Urban;46;0,6359431
461211013;1;61;71,7;Male;Urban;46;0,4645895
461211013;2;54;64,4;Female;Urban;46;0,5240609
461211014;1;54;68,2;Female;Urban;46;0,4070132
461211014;2;31;76,1;Male;Urban;46;0,4078759
461211014;3;26;56,2;Female;Urban;46;0,5690198
461211015;1;43;65,1;Female;Urban;46;0,6853318
461211015;2;43;78;Male;Urban;46;0,8963545
461211016;1;40;47,9;Male;Urban;46;0,6077926
461211016;2;39;54,5;Female;Urban;46;0,5789948
461211017;1;56;59;Male;Urban;46;0,419611
461211017;2;47;38,5;Female;Urban;46;0,9704381
461211021;1;42;67;Male;Urban;46;1,1496425
461211021;2;41;46,7;Female;Urban;46;1,5651338
461211021;4;64;48,6;Female;Urban;46;1,3020942
461211023;1;49;74,8;Male;Urban;46;0,5331088
461211023;2;45;66,7;Female;Urban;46;1,1668575
461211024;1;39;50,6;Male;Urban;46;1,0420879
461211024;2;32;53,1;Female;Urban;46;1,1033796
461211026;1;42;58,39959;Female;Urban;46;1,1039747
461211026;2;40;60,8;Male;Urban;46;1,1930732
461211027;1;42;51,6;Female;Urban;46;0,7146145
461211027;2;50;63,5;Male;Urban;46;0,548218
461211028;1;45;72,4;Male;Urban;46;0,5504189
461211028;2;44;51;Female;Urban;46;0,8400555
461211030;1;39;73,8;Male;Urban;46;0,6006205
461211030;2;39;75,4;Female;Urban;46;0,5292467
461211031;1;55;86;Male;Urban;46;0,8499113
461211031;2;54;53,1;Female;Urban;46;0,5825116
461211031;4;28;63,2;Female;Urban;46;0,4786926
461211032;1;33;59,8;Male;Urban;46;1,1623318
461211032;2;30;53;Female;Urban;46;0,8366812
461211032;4;30;51,1;Female;Urban;46;1,0056018
461211033;1;44;68,6;Male;Urban;46;0,516756
461211033;2;39;61,1;Female;Urban;46;0,4834358
461211034;1;44;97;Male;Urban;46;0,3987794
461211034;2;39;48,9;Female;Urban;46;0,5362741
461211035;1;47;67,66258;Male;Urban;46;0,9531547
461211035;2;47;70,2;Female;Urban;46;0,8095748
461212001;1;35;52,55;Female;Urban;46;1,0759905
461212001;2;40;81,5;Male;Urban;46;0,7063777
461212002;1;52;65;Male;Urban;46;0,7306769
461212002;2;46;45,5;Female;Urban;46;1,1254615
461212003;1;41;60,4;Male;Urban;46;0,682798
461212003;2;31;42,3;Female;Urban;46;0,8077589
461212004;1;26;62,8;Male;Urban;46;0,5918312
461212005;1;30;58,39959;Female;Urban;46;0,5820298
461212005;2;38;67,66258;Male;Urban;46;0,5513099
461212006;1;38;67,66258;Male;Urban;46;0,6934881
461212006;2;35;42,9;Female;Urban;46;0,865265
461212007;2;62;67,66258;Male;Urban;46;0,4755509
461212007;3;33;67,66258;Male;Urban;46;0,8950498
461212007;4;29;44,9;Female;Urban;46;1,351588
461212008;2;42;74,7;Male;Urban;46;0,5777772
461212009;1;50;61,75;Female;Urban;46;0,8315514
461212010;2;56;65;Female;Urban;46;0,5828308
461212011;1;52;67,66258;Male;Urban;46;0,7152591
461212011;2;50;47,2;Female;Urban;46;0,7787765
461212012;1;31;67,66258;Male;Urban;46;0,6463824
461212012;2;29;58,39959;Female;Urban;46;0,6683314
461212013;1;45;67,66258;Male;Urban;46;0,6592122
461212013;2;44;58,39959;Female;Urban;46;0,6590166
461212014;1;62;67,66258;Male;Urban;46;0,4785104
461212014;2;57;58,39959;Female;Urban;46;0,5158114
461212014;3;32;67,66258;Male;Urban;46;0,4451644
461212015;1;52;61;Female;Urban;46;0,7522639
461212015;2;57;69,4;Male;Urban;46;0,6983975
461212016;1;50;60;Male;Urban;46;0,6168692
461212016;2;45;62,8;Female;Urban;46;0,5705515
461212017;1;29;70,1;Male;Urban;46;0,6864323
461212017;3;57;67,66258;Male;Urban;46;0,7444514
461212017;4;57;58,39959;Female;Urban;46;0,8696481
461212018;1;28;55,4;Male;Urban;46;0,6032824
461212018;4;33;61,5;Female;Urban;46;0,5347195
461212018;7;61;55,1;Female;Urban;46;0,429445
461212019;1;60;83,6;Male;Urban;46;0,3647299
461212019;2;59;70,4;Female;Urban;46;0,5445692
461212020;1;34;72,45;Male;Urban;46;0,8795542
461212020;2;34;58,39959;Female;Urban;46;0,9334728
461212020;4;39;51,2;Female;Urban;46;1,2230947
461212021;1;45;67,66258;Male;Urban;46;0,4196031
461212021;2;38;65,1;Female;Urban;46;0,3603522
461212022;1;40;44,4;Male;Urban;46;0,6994595
461212022;2;30;46,7;Female;Urban;46;0,6385385
461212023;1;56;57,1;Male;Urban;46;0,7728109
461212023;2;56;53,1;Female;Urban;46;0,900452
461212024;1;61;67,4;Female;Urban;46;0,4486736
461212024;2;34;57,1;Female;Urban;46;0,6132942
461212025;1;47;73,3;Male;Urban;46;0,4900829
461212025;2;45;51,8;Female;Urban;46;0,6768958
461212026;1;28;67,66258;Male;Urban;46;0,9207855
461212026;2;25;58,39959;Female;Urban;46;0,6429616
461212027;1;58;58,39959;Female;Urban;46;0,5389208
461212027;3;35;70;Male;Urban;46;0,6590596
461212027;4;32;51,55;Female;Urban;46;0,8035303
461212027;5;33;71,2;Male;Urban;46;0,5503361
461212027;6;29;56,3;Female;Urban;46;0,5540623
461212027;7;27;58;Male;Urban;46;0,8604126
461212028;2;48;62,9;Male;Urban;46;0,5578502
461212028;3;38;58,39959;Female;Urban;46;0,6118665
461212029;1;50;51;Male;Urban;46;0,9337775
461212029;2;45;69,6;Female;Urban;46;0,4924267
461212030;1;49;76,1;Male;Urban;46;0,6704738
461212030;2;47;59,5;Female;Urban;46;1,108446
461221001;1;31;67,66258;Male;Urban;46;0,9682426
461221001;2;34;43,3;Female;Urban;46;0,8283705
461221002;1;47;67,66258;Male;Urban;46;0,3526103
461221002;2;39;53,3;Female;Urban;46;0,4370254
461221003;1;60;41,1;Male;Urban;46;0,5845477
461221003;2;42;65,6;Female;Urban;46;0,4010884
461221004;1;45;53,7;Female;Urban;46;0,6580019
461221005;1;34;89,5;Male;Urban;46;0,3440084
461221005;2;34;46,1;Female;Urban;46;0,513396
461221006;3;34;67,66258;Male;Urban;46;0,7261244
461221006;4;28;59,1;Female;Urban;46;1,0863304
461221007;1;54;80,4;Female;Urban;46;0,527494
461221007;2;62;68;Male;Urban;46;0,6113358
461221007;3;33;67,66258;Male;Urban;46;1,0341992
461221007;4;28;76,4;Male;Urban;46;1,0055642
461221007;5;31;58,39959;Female;Urban;46;0,834517
461221008;2;47;62,9;Male;Urban;46;1,0316296
461221008;3;45;60,1;Female;Urban;46;0,8885619
461221009;1;40;75,2;Male;Urban;46;0,5692164
461221009;2;40;49,4;Female;Urban;46;0,9371356
461221010;1;52;55,9;Male;Urban;46;1,1733229
461221010;2;50;55,2;Female;Urban;46;1,0376947
461221011;1;30;88,6;Female;Urban;46;0,3961528
461221011;2;45;56,4;Male;Urban;46;1,4651348
461221012;1;40;57,1;Male;Urban;46;0,5064242
461221012;2;34;38,7;Female;Urban;46;0,7153824
461221013;1;40;59,2;Female;Urban;46;0,7647374
461221013;3;44;67,66258;Male;Urban;46;0,5349931
461221014;1;33;53,4;Female;Urban;46;1,2113776
461221015;1;50;52,1;Male;Urban;46;0,6585996
461221015;2;40;65,5;Female;Urban;46;0,6763054
461221016;1;36;57,8;Male;Urban;46;1,159791
461221016;2;37;43,7;Female;Urban;46;0,9543021
461221017;1;37;45,8;Female;Urban;46;0,5110633
461221018;1;35;56,6;Male;Urban;46;0,7977032
461221018;2;31;51,9;Female;Urban;46;0,6662746
461221019;2;31;58,39959;Female;Urban;46;0,6590746
461221020;1;52;76,5;Male;Urban;46;0,8242291
461221020;2;44;68,5;Female;Urban;46;0,7936843
461221021;1;55;57,2;Female;Urban;46;0,4816997
461221021;2;31;48,8;Male;Urban;46;0,9359836
461221021;3;28;57,6;Female;Urban;46;0,559852
461221022;1;56;75,1;Male;Urban;46;0,5564774
461221022;2;48;58,39959;Female;Urban;46;0,5297683
461221023;1;50;54,9;Female;Urban;46;0,464909
461221023;2;62;59,7;Male;Urban;46;0,6054271
461221024;3;48;47,2;Female;Urban;46;0,6138406
461221024;4;44;55,8;Female;Urban;46;0,5401886
461221025;1;38;60,3;Male;Urban;46;0,3972828
461221025;2;34;51,2;Female;Urban;46;0,5219678
461221025;5;25;45,7;Female;Urban;46;0,6604912
461221026;1;63;67,66258;Male;Urban;46;1,4693683
461221026;2;39;58,39959;Female;Urban;46;0,9242895
461221027;1;55;47,6;Male;Urban;46;0,6893818
461221027;2;54;49;Female;Urban;46;0,6532742
461221027;3;28;44,6;Male;Urban;46;0,9277502
461221028;1;34;76,3;Male;Urban;46;0,5039312
461221028;2;30;45,8;Female;Urban;46;0,724587
461221029;1;38;96,3;Male;Urban;46;0,4665571
461221029;2;30;58,39959;Female;Urban;46;0,5223012
461221029;3;61;79,1;Female;Urban;46;0,433103
461221030;1;43;69;Male;Urban;46;0,4969449
461221030;2;38;46,4;Female;Urban;46;0,6404494
461222001;1;35;53,7;Male;Urban;46;0,5551947
461222001;2;32;47,7;Female;Urban;46;0,5454472
461222002;1;37;48,4;Female;Urban;46;0,6458254
461222002;2;36;55,9;Male;Urban;46;0,6204982
461222003;1;32;58,2;Male;Urban;46;0,6044658
461222003;2;26;52,4;Female;Urban;46;0,4942794
461222004;1;40;75,6;Female;Urban;46;0,4408423
461222004;2;44;82,9;Male;Urban;46;0,3754153
461222005;3;31;67;Male;Urban;46;0,396994
461222005;5;63;40;Female;Urban;46;0,6489194
461222006;1;39;65;Male;Urban;46;1,218182
461222006;2;39;55,3;Female;Urban;46;0,9434795
461222007;1;25;58,8;Female;Urban;46;0,6622903
461222007;2;29;75,7;Male;Urban;46;0,5465569
461222008;1;30;70,8;Male;Urban;46;0,9900205
461222008;2;27;58,39959;Female;Urban;46;0,8533455
461222009;1;42;55,7;Male;Urban;46;0,9731594
461222009;2;41;49,2;Female;Urban;46;0,5967697
461222010;1;30;58,3;Male;Urban;46;0,8117685
461222010;2;29;38;Female;Urban;46;0,9191728
461222011;1;34;53,4;Female;Urban;46;1,1349539
461222011;2;39;79;Male;Urban;46;1,0294157
461222012;1;26;42,5;Female;Urban;46;0,6509769
461222013;1;36;76,6;Male;Urban;46;0,5612326
461222013;2;37;47,2;Female;Urban;46;0,8388806
461222014;1;27;45,5;Female;Urban;46;0,6261675
461222015;1;40;72;Male;Urban;46;1,0065221
461222015;2;39;58,39959;Female;Urban;46;0,8702325
461222016;1;38;75,2;Male;Urban;46;0,7113298
461222016;2;33;58,39959;Female;Urban;46;0,7892008
461222017;2;52;65,6;Female;Urban;46;0,6045389
461222018;1;41;74;Male;Urban;46;0,4578953
461222018;2;37;57,8;Female;Urban;46;0,5091955
461222019;1;42;61;Male;Urban;46;0,8070402
461222019;2;40;71,1;Female;Urban;46;0,550481
461222020;1;31;65,4;Male;Urban;46;0,5312889
461222020;2;30;53,7;Female;Urban;46;0,6055019
461222020;4;64;53,3;Female;Urban;46;0,5454763
461222021;1;61;70,5;Female;Urban;46;0,6309631
461222021;2;29;81,4;Male;Urban;46;0,4754165
461222022;1;46;68;Male;Urban;46;0,4294589
461222022;2;40;67,4;Female;Urban;46;0,8326386
461222023;1;42;62;Female;Urban;46;0,3658295
461222023;2;44;74,7;Male;Urban;46;0,4151715
461222024;1;46;50,1;Female;Urban;46;0,7528044
461222024;3;29;58,39959;Female;Urban;46;0,8340949
461222024;5;27;54;Male;Urban;46;0,6024074
461222025;1;39;67,66258;Male;Urban;46;0,6712844
461222025;2;38;58,39959;Female;Urban;46;0,7917112
461222026;1;29;39,3;Female;Urban;46;0,8145776
461222026;2;34;58,4;Male;Urban;46;0,8131268
461222026;4;61;54,8;Female;Urban;46;0,6635698
461222027;1;28;76,5;Male;Urban;46;0,5975925
461222028;1;46;63,8;Male;Urban;46;0,6306755
461222028;2;41;64,5;Female;Urban;46;0,4020143
461222029;1;47;64;Male;Urban;46;0,5721273
461222029;2;44;56;Female;Urban;46;0,6072397
461222030;2;39;58,39959;Female;Urban;46;0,9307027
461231001;3;39;67,66258;Male;Urban;46;0,4399071
461231001;4;28;58,39959;Female;Urban;46;0,6059803
461231002;1;34;82,7;Male;Urban;46;0,5016291
461231002;2;30;53,8;Female;Urban;46;0,5319446
461231004;2;40;48,1;Male;Urban;46;0,6265644
461231004;3;38;49,3;Female;Urban;46;0,6169878
461231005;1;59;54,8;Male;Urban;46;0,7438756
461231005;2;50;47,8;Female;Urban;46;0,9151283
461231005;3;32;67,66258;Male;Urban;46;0,4882323
461231005;4;28;67,66258;Male;Urban;46;0,3890629
461231006;1;52;61,7;Male;Urban;46;1,538594
461231006;2;52;55;Female;Urban;46;1,4252636
461231006;3;27;67,66258;Male;Urban;46;0,7421708
461231007;1;53;56,3;Female;Urban;46;0,917821
461231007;2;56;62,2;Male;Urban;46;1,0168474
461231007;3;26;67,66258;Male;Urban;46;1,0916137
461231008;1;58;56,3;Male;Urban;46;0,7892096
461231008;2;56;56;Female;Urban;46;0,8670625
461231008;3;30;53,7;Male;Urban;46;0,9117733
461231009;1;32;61,8;Male;Urban;46;0,7469134
461231009;2;32;52,9;Female;Urban;46;0,7153043
461231010;1;38;53,6;Male;Urban;46;1,0351114
461231010;2;36;64,6;Female;Urban;46;0,8602028
461231011;1;37;50,4;Male;Urban;46;0,7985511
461231011;2;34;46,3;Female;Urban;46;0,6547138
461231012;1;59;73,7;Female;Urban;46;0,6790163
461231013;1;63;57,4;Female;Urban;46;0,6365122
461231013;2;30;71,2;Male;Urban;46;0,4928581
461231013;3;31;44,5;Female;Urban;46;1,2192472
461231013;5;28;73,3;Male;Urban;46;0,4620604
461231013;8;34;49,5;Female;Urban;46;1,0292652
461231014;1;47;67,66258;Male;Urban;46;0,4699754
461231014;2;41;48,8;Female;Urban;46;0,6411916
461231015;1;32;51,8;Male;Urban;46;0,7342201
461231015;2;31;58,39959;Female;Urban;46;0,5752524
461231016;1;42;74,1;Male;Urban;46;0,4611073
461231016;2;40;49,3;Female;Urban;46;0,7844074
461231018;2;47;57,5;Male;Urban;46;0,7145894
461231018;3;39;67,3;Female;Urban;46;0,600211
461231019;1;34;67,66258;Male;Urban;46;0,4521185
461231019;2;32;58,39959;Female;Urban;46;0,5326653
461231020;1;50;49,7;Male;Urban;46;0,55261
461231020;2;42;54,4;Female;Urban;46;0,4611474
461231020;5;39;53,2;Female;Urban;46;0,499855
461231021;1;37;67,66258;Male;Urban;46;0,512111
461231021;2;36;58,39959;Female;Urban;46;0,5090961
461231022;1;51;66,8;Male;Urban;46;0,6755666
461231022;2;44;58,4;Female;Urban;46;0,748881
461231023;1;51;66,3;Male;Urban;46;0,97109
461231024;1;52;72,2;Male;Urban;46;0,4187992
461231024;2;47;62,8;Female;Urban;46;0,4971624
461231025;1;57;70,5;Male;Urban;46;0,525348
461231025;2;55;72,1;Female;Urban;46;0,4042584
461231025;3;27;67,66258;Male;Urban;46;0,6350371
461231025;4;32;71,6;Male;Urban;46;0,6830191
461231025;5;34;54,1;Female;Urban;46;0,4612896
461231025;7;30;86,9;Male;Urban;46;0,5440754
461231025;8;29;56,2;Female;Urban;46;0,4831949
461231026;1;45;70,8;Male;Urban;46;0,3079739
461231026;2;36;58,39959;Female;Urban;46;0,5260803
461231027;1;31;67,66258;Male;Urban;46;0,5636868
461231027;2;29;38,9;Female;Urban;46;0,6347847
461231028;1;58;50,1;Female;Urban;46;1,1704242
461231029;2;45;64,5;Male;Urban;46;0,6241132
461231029;3;42;58,39959;Female;Urban;46;1,2856733
461231030;2;31;66,6;Male;Urban;46;0,7197823
461231030;3;32;58,39959;Female;Urban;46;0,682463
461232001;2;29;68,5;Male;Urban;46;0,5642219
461232001;3;30;49,8;Female;Urban;46;0,97051
461232002;3;37;67,66258;Male;Urban;46;0,6691646
461232002;4;33;58,39959;Female;Urban;46;0,6681177
461232003;3;32;67,66258;Male;Urban;46;0,4496307
461232003;4;31;52,1;Female;Urban;46;0,5550513
461232004;1;44;74,5;Male;Urban;46;0,4524161
461232004;2;45;50,6;Female;Urban;46;0,6663391
461232005;3;49;52,75;Male;Urban;46;0,7447773
461232005;4;50;64;Female;Urban;46;0,5040781
461232006;2;49;58,75;Female;Urban;46;1,0653383
461232006;3;53;59,5;Male;Urban;46;1,1491366
461232007;1;57;54,95;Male;Urban;46;0,9176497
461232007;2;51;67;Female;Urban;46;0,8196697
461232007;3;30;67,66258;Male;Urban;46;0,7386024
461232007;4;28;67,66258;Male;Urban;46;0,5692679
461232008;2;64;48;Female;Urban;46;1,0392417
461232008;3;38;67,66258;Male;Urban;46;0,8387152
461232008;4;32;58,39959;Female;Urban;46;0,8136376
461232009;1;40;62,55;Male;Urban;46;0,9503717
461232009;3;37;44,75;Female;Urban;46;0,9978156
461232011;1;42;55,8;Male;Urban;46;0,6954713
461232011;2;40;53,05;Female;Urban;46;0,7914194
461232012;3;43;77,3;Male;Urban;46;0,4017422
461232012;4;37;56,2;Female;Urban;46;0,4548777
461232012;5;40;54,4;Male;Urban;46;0,5371992
461232012;6;33;49,4;Female;Urban;46;0,4669038
461232013;2;33;58,4;Female;Urban;46;0,4433433
461232013;4;37;67,66258;Male;Urban;46;0,4348489
461232014;1;53;52,4;Male;Urban;46;0,7695468
461232014;2;49;65,6;Female;Urban;46;0,5004573
461232015;2;44;59,9;Male;Urban;46;0,8939883
461232015;3;39;60;Male;Urban;46;0,9634825
461232015;6;35;49,1;Female;Urban;46;1,104778
461232015;7;29;62,5;Female;Urban;46;0,7180552
461232017;2;51;42,7;Female;Urban;46;0,4284511
461232018;1;49;58,1;Male;Urban;46;1,1684587
461232018;2;48;42,1;Female;Urban;46;1,1865725
461232019;1;41;71,25;Male;Urban;46;0,5014053
461232019;2;39;57;Female;Urban;46;0,6125022
461232020;1;60;66,35;Male;Urban;46;0,4870044
461232020;2;58;58,75;Female;Urban;46;0,4610763
461232020;3;28;75,4;Male;Urban;46;0,3974587
461232021;2;33;41,7;Female;Urban;46;0,561271
461232022;3;38;56,9;Male;Urban;46;0,8575646
461232022;4;37;46;Female;Urban;46;0,785694
461232022;6;41;52,95;Female;Urban;46;0,615381
461232023;1;52;63,4;Male;Urban;46;0,4728809
461232023;2;43;58,39959;Female;Urban;46;0,3880156
461232024;1;59;67,66258;Male;Urban;46;0,5145107
461232024;2;52;58,39959;Female;Urban;46;0,5953424
461232025;1;55;52,75;Male;Urban;46;0,5933106
461232025;2;40;60,35;Female;Urban;46;0,4369111
461232026;1;35;83,9;Male;Urban;46;0,4865599
461232026;2;34;54,3;Female;Urban;46;0,7987058
461232027;1;64;54,7;Female;Urban;46;0,6203127
461232027;2;43;65,9;Male;Urban;46;0,619444
461232027;5;39;63,4;Male;Urban;46;0,8665724
461232027;6;33;46,4;Female;Urban;46;1,6322114
461232028;3;42;66,2;Male;Urban;46;0,5310638
461232028;4;34;38,8;Female;Urban;46;0,687105
461232029;2;34;53,5;Male;Urban;46;0,5211178
461232029;3;33;45,8;Female;Urban;46;0,861714
461232030;1;60;56,7;Female;Urban;46;0,8459198
461232030;2;62;51,8;Male;Urban;46;1,0799373
461232030;3;34;70,75;Male;Urban;46;0,694253
461232030;4;33;48,7;Female;Urban;46;0,8774415
641211001;1;29;58,39959;Female;Urban;64;0,42116
641211001;2;34;67,66258;Male;Urban;64;0,5299099
641211002;1;43;67,66258;Male;Urban;64;0,3832847
641211002;2;30;53;Female;Urban;64;1,1225572
641211004;2;31;52,3;Female;Urban;64;0,3787793
641211005;1;44;74,3;Male;Urban;64;0,4430417
641211005;2;43;58,39959;Female;Urban;64;0,3938898
641211006;1;25;51;Female;Urban;64;0,5174229
641211007;1;62;56,5;Female;Urban;64;0,535429
641211007;2;35;68,5;Male;Urban;64;0,4830053
641211007;3;33;59,5;Female;Urban;64;0,4072015
641211008;1;28;67,66258;Male;Urban;64;0,4254641
641211009;1;64;72;Female;Urban;64;0,2620037
641211010;1;44;66,5;Male;Urban;64;0,7331138
641211010;2;42;57,5;Female;Urban;64;0,3094435
641211011;1;50;76,5;Male;Urban;64;0,7228105
641211011;2;46;58,39959;Female;Urban;64;0,3218259
641211012;1;25;69;Male;Urban;64;0,4284358
641211014;1;31;58,39959;Female;Urban;64;0,5777031
641211014;2;29;62,5;Male;Urban;64;0,4428764
641211015;1;30;62,5;Male;Urban;64;0,4965211
641211015;2;27;53;Female;Urban;64;0,4299365
641211016;1;62;74,05;Male;Urban;64;0,3976854
641211017;1;29;57;Male;Urban;64;0,4218869
641211017;2;30;66;Female;Urban;64;0,2600341
641211018;1;59;62,5;Male;Urban;64;0,652996
641211018;2;52;56;Female;Urban;64;0,5663795
641211018;3;28;65;Male;Urban;64;0,8937077
641211019;2;39;54,5;Female;Urban;64;0,7303937
641211019;3;38;69,5;Male;Urban;64;0,6479869
641211020;1;29;54,5;Male;Urban;64;0,8024887
641211020;2;31;52,5;Female;Urban;64;0,5755556
641211021;1;36;67,66258;Male;Urban;64;0,5935866
641211022;2;44;55;Female;Urban;64;0,5805246
641211023;3;41;52,6;Male;Urban;64;0,7511854
641211024;1;54;81;Male;Urban;64;0,4471065
641211024;2;48;66,5;Female;Urban;64;0,4999962
641211025;1;40;51;Male;Urban;64;0,6305931
641211025;2;34;53,5;Female;Urban;64;0,6709122
641211026;2;63;59,8;Female;Urban;64;0,4043576
641211030;1;31;67,66258;Male;Urban;64;0,5560482
641211030;2;51;56,2;Female;Urban;64;0,4536616
641211030;3;28;53;Female;Urban;64;0,533322
641211031;1;43;58,39959;Female;Urban;64;0,3113995
641211033;1;36;64;Female;Urban;64;0,4297727
641212001;1;45;70,31;Female;Urban;64;0,2159152
641212001;2;46;71,15;Male;Urban;64;0,3038229
641212002;1;38;67,66258;Male;Urban;64;0,4130237
641212003;1;44;83,15;Male;Urban;64;0,2795815
641212003;2;38;63,11;Female;Urban;64;0,2830329
641212004;1;49;58,39959;Female;Urban;64;0,7036974
641212004;2;51;64,25;Male;Urban;64;0,6074797
641212005;1;34;81,15;Male;Urban;64;0,4104313
641212005;2;36;45,51;Female;Urban;64;0,4358822
641212006;1;36;78,5;Male;Urban;64;0,4226847
641212006;2;32;58,39959;Female;Urban;64;0,518263
641212007;1;28;67,66258;Male;Urban;64;0,3028299
641212007;2;28;47,75;Female;Urban;64;0,5315262
641212008;1;31;84;Male;Urban;64;0,3190514
641212008;2;30;46,2;Female;Urban;64;0,4880372
641212009;1;44;100,3;Male;Urban;64;0,7196918
641212009;2;33;68,01;Female;Urban;64;0,8653961
641212009;4;38;59,02;Female;Urban;64;0,6756291
641212010;1;53;58,39959;Female;Urban;64;0,3563411
641212012;1;35;58,39959;Female;Urban;64;0,8375188
641212013;1;46;79,51;Male;Urban;64;0,4130094
641212013;2;44;61,21;Female;Urban;64;0,501017
641212014;1;60;59,4;Male;Urban;64;0,442037
641212014;2;55;48,9;Female;Urban;64;0,4779285
641212014;3;28;48,51;Male;Urban;64;0,7326221
641212014;4;26;67,66258;Male;Urban;64;0,4601694
641212015;1;59;97,2;Male;Urban;64;0,4655074
641212015;2;56;48,6;Female;Urban;64;0,6222699
641212016;1;58;46;Male;Urban;64;0,7253105
641212016;2;56;56,11;Female;Urban;64;0,3361283
641212016;3;33;57,2;Male;Urban;64;0,4677666
641212016;4;32;57,2;Female;Urban;64;0,4354931
641212018;2;64;53,12;Female;Urban;64;1,0971463
641212021;1;45;67,66258;Male;Urban;64;0,3870687
641212021;2;47;57,82;Female;Urban;64;0,3290816
641212022;1;35;67,66258;Male;Urban;64;0,3937405
641212022;2;32;58,39959;Female;Urban;64;0,4681882
641212023;1;33;58,56;Female;Urban;64;0,2799326
641212023;2;34;67,66258;Male;Urban;64;0,6863008
641212025;1;39;82,25;Male;Urban;64;0,5296521
641212025;2;37;52,85;Female;Urban;64;0,8212411
641212026;2;59;67,31;Female;Urban;64;0,4435641
641212026;3;30;67,66258;Male;Urban;64;0,4772875
641212027;1;39;78;Male;Urban;64;0,4204175
641212027;2;34;42,05;Female;Urban;64;0,5259342
641212028;3;36;67,66258;Male;Urban;64;0,3282657
641212028;4;32;58,39959;Female;Urban;64;0,3811037
641212029;2;61;64,2;Female;Urban;64;0,5969368
641212032;1;39;67,66258;Male;Urban;64;0,5094507
641212033;1;58;84,5;Male;Urban;64;0,2754852
641221001;1;45;67,4;Male;Urban;64;0,1896365
641221001;2;44;66,4;Female;Urban;64;0,3653065
641221002;3;38;67,66258;Male;Urban;64;0,3155578
641221003;1;54;67,66258;Male;Urban;64;0,337114
641221003;2;48;58,39959;Female;Urban;64;0,3541841
641221004;1;28;87,3;Male;Urban;64;0,2945613
641221004;2;27;58,5;Female;Urban;64;0,3790719
641221005;1;31;54;Male;Urban;64;0,2593633
641221005;2;32;58,39959;Female;Urban;64;1,2506521
641221007;1;57;65,15;Female;Urban;64;0,318513
641221008;1;38;62,41;Male;Urban;64;0,322905
641221008;2;39;61,15;Female;Urban;64;0,3265208
641221010;1;64;58,39959;Female;Urban;64;0,3243944
641221010;2;64;67,66258;Male;Urban;64;0,409861
641221011;1;64;100,31;Female;Urban;64;0,258346
641221011;2;64;69,45;Male;Urban;64;0,2886786
641221013;1;56;53,65;Female;Urban;64;0,428292
641221014;1;28;67,66258;Male;Urban;64;0,5103095
641221014;2;29;58,39959;Female;Urban;64;0,5486963
641221015;1;48;61,55;Male;Urban;64;0,3665865
641221015;2;43;59,1;Female;Urban;64;0,3587893
641221016;1;51;81;Male;Urban;64;0,3668148
641221016;2;49;58,39959;Female;Urban;64;0,3548441
641221018;1;27;77,7;Male;Urban;64;0,4514186
641221018;2;28;41,8;Female;Urban;64;0,8905616
641221019;1;52;77,5;Male;Urban;64;0,4512444
641221019;2;47;60,1;Female;Urban;64;0,592054
641221021;1;45;58,39959;Female;Urban;64;0,552414
641221021;2;53;67,66258;Male;Urban;64;0,3874039
641221022;3;51;65;Female;Urban;64;0,4314862
641221023;1;62;65,4;Male;Urban;64;0,7139293
641221023;2;62;57,2;Female;Urban;64;1,073985
641221024;1;48;67,66258;Male;Urban;64;0,4021791
641221024;2;44;76;Female;Urban;64;0,3670177
641221025;1;59;73;Male;Urban;64;0,4406217
641221025;2;55;56,11;Female;Urban;64;0,5790659
641221026;1;39;66,92;Male;Urban;64;0,5195593
641221026;2;39;49,85;Female;Urban;64;0,6526404
641221027;1;48;67,66258;Male;Urban;64;0,3625933
641221028;1;41;67,66258;Male;Urban;64;0,3687563
641221028;2;41;58,39959;Female;Urban;64;0,5414936
641221029;1;34;67,66258;Male;Urban;64;0,2915538
641221029;2;32;58,39959;Female;Urban;64;0,3156235
641222001;1;33;67,66258;Male;Urban;64;0,7268233
641222001;2;29;58,39959;Female;Urban;64;0,9910902
641222002;1;39;67,66258;Male;Urban;64;0,457581
641222002;2;39;58,39959;Female;Urban;64;0,3999405
641222003;1;40;78,1;Male;Urban;64;0,4097796
641222003;2;40;49,3;Female;Urban;64;0,926207
641222004;1;33;67,66258;Male;Urban;64;0,4920003
641222004;2;30;58,39959;Female;Urban;64;0,4865576
641222005;1;38;56,22;Female;Urban;64;0,6201847
641222005;2;45;83,15;Male;Urban;64;0,4703723
641222006;1;29;41,85;Female;Urban;64;1,1184007
641222006;3;36;45,15;Female;Urban;64;1,0347302
641222007;1;33;58,39959;Female;Urban;64;0,3453265
641222007;2;34;67,66258;Male;Urban;64;0,672392
641222008;1;37;69,9;Male;Urban;64;0,2989142
641222008;2;34;59,8;Female;Urban;64;0,2989398
641222009;1;60;67,66258;Male;Urban;64;0,2738663
641222009;2;58;89,35;Female;Urban;64;0,2006156
641222010;1;30;58,39959;Female;Urban;64;0,3861827
641222010;2;31;67,66258;Male;Urban;64;0,3601289
641222011;1;56;59,65;Female;Urban;64;0,4020243
641222012;1;51;65,45;Male;Urban;64;0,5831131
641222012;2;49;60,45;Female;Urban;64;0,4791853
641222012;3;26;45,15;Female;Urban;64;0,5896899
641222013;1;50;96,01;Male;Urban;64;0,4290709
641222013;2;47;54,35;Female;Urban;64;0,5138013
641222015;1;47;87,9;Male;Urban;64;0,4661208
641222015;2;46;62,55;Female;Urban;64;0,2814109
641222016;1;42;67,66258;Male;Urban;64;0,2788917
641222016;2;39;58,39959;Female;Urban;64;0,6112681
641222018;1;64;67,66258;Male;Urban;64;0,4076889
641222018;2;35;58,39959;Female;Urban;64;0,8129595
641222018;4;36;67,66258;Male;Urban;64;0,4690855
641222020;1;56;61,81;Female;Urban;64;0,3281499
641222021;1;48;67,2;Male;Urban;64;0,4219665
641222021;2;48;58,39959;Female;Urban;64;0,345942
641222022;1;45;67,66258;Male;Urban;64;0,3823088
641222023;1;48;51,2;Male;Urban;64;0,5246582
641222023;2;48;58,39959;Female;Urban;64;0,3753665
641222024;1;41;67,66258;Male;Urban;64;0,433408
641222024;2;42;58,39959;Female;Urban;64;0,3480033
641222025;1;47;67,66258;Male;Urban;64;0,4373725
641222025;2;44;64,55;Female;Urban;64;0,5855391
641222026;1;44;58,39959;Female;Urban;64;0,2581725
641222026;2;44;67,66258;Male;Urban;64;0,2426578
641222027;1;51;58,39959;Female;Urban;64;0,2943514
641222027;2;53;67,66258;Male;Urban;64;0,243314
641222027;3;28;58,39959;Female;Urban;64;0,2661192
641222027;4;26;67,66258;Male;Urban;64;0,2403249
641222028;1;46;67;Female;Urban;64;0,2202873
641222029;2;61;53,2;Female;Urban;64;0,3051363
641222030;1;44;81;Male;Urban;64;0,3750132
641222030;2;43;65,65;Female;Urban;64;0,3484773
641231001;1;56;78,82;Male;Urban;64;0,7185858
641231001;2;52;60,82;Female;Urban;64;0,8058547
641231002;2;60;62,93;Female;Urban;64;0,4746192
641231003;1;32;58,69;Male;Urban;64;0,4351274
641231004;1;45;58,39959;Female;Urban;64;0,41009
641231004;2;49;67,66258;Male;Urban;64;0,3658431
641231005;1;53;67,66258;Male;Urban;64;0,300398
641231005;2;49;58,39959;Female;Urban;64;0,3144697
641231006;1;64;62,15;Female;Urban;64;0,3064349
641231007;1;51;75,43;Male;Urban;64;0,4612374
641231007;2;51;86,24;Female;Urban;64;0,3319857
641231008;1;54;63,8;Male;Urban;64;0,4219083
641231009;2;61;64,51;Female;Urban;64;0,191792
641231011;2;64;59,05;Female;Urban;64;0,3185951
641231012;1;34;90,02;Male;Urban;64;0,4052988
641231012;2;32;65;Female;Urban;64;0,4474615
641231014;1;34;56,68;Male;Urban;64;0,4764467
641231014;2;28;50,35;Female;Urban;64;0,5936395
641231016;2;63;67,33;Female;Urban;64;0,7086391
641231017;2;45;58,39959;Female;Urban;64;0,449558
641231018;1;52;67,66258;Male;Urban;64;0,4261963
641231018;2;52;58,39959;Female;Urban;64;0,9015572
641231019;1;42;61,9;Male;Urban;64;0,8074293
641231019;2;39;49,8;Female;Urban;64;0,8092288
641231020;2;46;58,39959;Female;Urban;64;0,6602039
641231021;1;39;63;Female;Urban;64;0,3815148
641231022;1;44;75,2;Male;Urban;64;0,3313265
641231022;2;46;72,5;Female;Urban;64;0,3474793
641231023;1;51;67,66258;Male;Urban;64;0,3936844
641231023;2;46;58,39959;Female;Urban;64;0,427814
641231024;1;40;67,75;Male;Urban;64;0,4585005
641231024;2;39;52,31;Female;Urban;64;0,6702851
641231025;2;42;58,39959;Female;Urban;64;0,308047
641231027;1;31;67,66258;Male;Urban;64;0,4345644
641231027;2;32;81,71;Female;Urban;64;0,208677
641231028;1;58;62,95;Male;Urban;64;0,7150794
641231029;1;44;48,07;Female;Urban;64;0,6344526
641231029;2;50;67,66258;Male;Urban;64;0,4577144
641231030;1;43;71,03;Male;Urban;64;0,227281
641231030;2;33;54,8;Female;Urban;64;0,4431096
641232001;1;31;67;Male;Urban;64;0,5440746
641232001;2;30;60;Female;Urban;64;0,6903445
641232002;3;40;60,25;Female;Urban;64;0,512785
641232003;1;27;49,85;Male;Urban;64;0,5165923
641232003;3;50;58,35;Female;Urban;64;0,3953106
641232004;1;41;58;Female;Urban;64;0,5714027
641232004;2;39;69,5;Male;Urban;64;0,6031222
641232005;1;38;72,5;Male;Urban;64;0,4538492
641232005;2;37;64,2;Female;Urban;64;0,3727542
641232006;1;45;69;Male;Urban;64;0,5187693
641232006;2;42;69;Female;Urban;64;0,3432536
641232007;1;39;57,5;Female;Urban;64;0,8761529
641232007;2;43;76,24;Male;Urban;64;0,7532081
641232008;4;49;54,95;Female;Urban;64;0,471747
641232009;1;40;60;Female;Urban;64;0,8961583
641232010;1;61;53,2;Male;Urban;64;0,3985385
641232010;2;58;60,2;Female;Urban;64;0,3688514
641232010;3;44;65,7;Male;Urban;64;0,3745807
641232011;1;48;59,35;Female;Urban;64;0,521665
641232011;2;50;63,3;Male;Urban;64;0,5795277
641232012;2;40;76;Male;Urban;64;0,2180921
641232013;1;57;56,5;Female;Urban;64;0,4770963
641232013;2;59;63,2;Male;Urban;64;0,4429347
641232014;1;45;56,5;Female;Urban;64;0,4926333
641232014;2;47;55;Male;Urban;64;0,7591032
641232014;3;37;63;Female;Urban;64;0,4299013
641232015;1;58;68;Male;Urban;64;0,3033787
641232015;2;56;49;Female;Urban;64;0,3722398
641232016;1;48;54,85;Female;Urban;64;0,5273838
641232017;1;39;80;Male;Urban;64;0,4212182
641232017;2;39;60;Female;Urban;64;0,3071542
641232017;4;38;91;Male;Urban;64;0,3584116
641232018;1;56;84,5;Male;Urban;64;0,5705635
641232018;2;53;65,98;Female;Urban;64;0,6379826
641232019;1;45;52,1;Female;Urban;64;0,4170489
641232019;2;45;78;Male;Urban;64;0,2804359
641232020;1;37;67,5;Female;Urban;64;0,2293852
641232020;2;38;82;Male;Urban;64;0,3321585
641232021;1;26;78,52;Male;Urban;64;0,3641498
641232022;1;64;58,42;Male;Urban;64;0,7138352
641232022;2;55;89,62;Male;Urban;64;0,2739888
641232022;3;54;74,22;Female;Urban;64;0,2950115
641232023;1;46;67,66258;Male;Urban;64;0,4818579
641232023;2;44;58,5;Female;Urban;64;0,3817313
641232024;1;31;89;Male;Urban;64;0,5690107
641232024;2;28;70;Female;Urban;64;0,327
641232025;1;39;63;Male;Urban;64;0,4794865
641232027;1;34;58,39959;Female;Urban;64;0,4961165
641232027;2;35;67,66258;Male;Urban;64;0,4028561
641232028;2;61;59,6;Female;Urban;64;0,486457
641232030;1;47;89,5;Male;Urban;64;0,2846899
641232030;2;45;59;Female;Urban;64;0,2254915
642411001;1;32;61,6;Male;Rural;64;0,458223
642411001;2;31;49,9;Female;Rural;64;0,4845428
642411002;1;38;73,9;Male;Rural;64;0,3036403
642411002;2;37;55,4;Female;Rural;64;0,3788254
642411003;1;34;65;Male;Rural;64;0,7193904
642411003;2;30;50,2;Female;Rural;64;0,6809944
642411004;1;45;61,8;Male;Rural;64;0,4356682
642411004;2;38;69,3;Female;Rural;64;0,3684106
642411005;2;53;50;Female;Rural;64;0,2556176
642411005;3;26;51;Female;Rural;64;0,412224
642411006;1;63;59,5;Male;Rural;64;0,7077166
642411006;2;64;57,7;Female;Rural;64;0,6674433
642411006;3;34;69,2;Male;Rural;64;0,646807
642411006;4;34;51;Female;Rural;64;0,9909652
642411007;1;36;83,1;Male;Rural;64;0,6537355
642411007;2;34;52,7;Female;Rural;64;0,5770923
642411007;4;59;58,5;Female;Rural;64;0,8712886
642411008;1;38;81,5;Male;Rural;64;0,3699969
642411008;2;36;60,1;Female;Rural;64;0,5609884
642411009;1;31;52,6;Male;Rural;64;0,5102288
642411009;2;33;47,8;Female;Rural;64;0,5013748
642411010;1;30;64,8;Male;Rural;64;0,4884877
642411010;2;28;53,5;Female;Rural;64;0,5830981
642411011;1;27;78,5;Male;Rural;64;0,3209164
642411011;2;27;56,2;Female;Rural;64;0,4647731
642411012;1;29;63,3;Male;Rural;64;0,645938
642411012;2;27;53,4;Female;Rural;64;0,5831276
642411013;1;47;71,1;Male;Rural;64;0,2429272
642411013;2;39;58,9;Female;Rural;64;0,4232714
642411014;1;31;76,2;Male;Rural;64;0,4691471
642411014;2;28;66,7;Female;Rural;64;0,3971225
642411015;1;44;61,1;Male;Rural;64;0,4725634
642411015;2;41;57,4;Female;Rural;64;0,4492016
642411016;1;62;86,8;Male;Rural;64;0,1990092
642411016;2;59;55,3;Female;Rural;64;0,2828571
642411017;1;35;59,4;Male;Rural;64;0,5614419
642411017;2;31;47,6;Female;Rural;64;0,5777459
642411018;1;49;91,4;Male;Rural;64;0,4865091
642411018;2;48;74,3;Female;Rural;64;0,478322
642411019;2;62;59,4;Female;Rural;64;0,4878674
642411020;1;35;69,7;Male;Rural;64;0,7163311
642411020;2;29;48,9;Female;Rural;64;0,9172572
642411021;1;48;60,4;Male;Rural;64;0,5011021
642411021;2;47;58,4;Female;Rural;64;0,5271871
642411022;1;32;69,5;Male;Rural;64;0,3215415
642411022;2;31;54,9;Female;Rural;64;0,4590423
642411023;1;37;76,2;Male;Rural;64;0,5271458
642411023;2;31;47,8;Female;Rural;64;0,4807069
642411024;1;45;82;Male;Rural;64;0,3972539
642411024;2;42;96,3;Female;Rural;64;0,3580092
642411025;1;40;84;Male;Rural;64;0,295619
642411025;2;38;59;Female;Rural;64;0,5598436
642411026;1;37;74,7;Male;Rural;64;0,5434672
642411026;2;34;60,3;Female;Rural;64;0,4696439
642411027;1;50;73,6;Male;Rural;64;0,4318719
642411027;2;50;53,7;Female;Rural;64;0,3985466
642411028;1;34;76,7;Male;Rural;64;0,3351322
642411028;2;34;52,8;Female;Rural;64;0,4202994
642411029;1;45;72,2;Male;Rural;64;0,2843249
642411029;2;41;68,9;Female;Rural;64;0,5307559
642411030;1;40;74,5;Male;Rural;64;0,4134329
642411030;2;39;49;Female;Rural;64;0,5509895
642412001;1;38;78,3;Male;Rural;64;0,4357015
642412001;2;37;71;Female;Rural;64;0,4590991
642412003;1;46;52;Male;Rural;64;0,6437994
642412003;2;43;43,7;Female;Rural;64;0,7417636
642412004;1;54;76,5;Male;Rural;64;0,4450246
642412004;2;50;62,7;Female;Rural;64;0,5450858
642412007;1;55;81,1;Male;Rural;64;0,3801019
642412007;2;55;68,9;Female;Rural;64;0,4118614
642412008;1;59;77,6;Male;Rural;64;0,34125
642412008;2;60;77;Female;Rural;64;0,3612192
642412009;1;38;54,2;Male;Rural;64;0,4879664
642412009;2;39;66;Female;Rural;64;0,3310931
642412010;2;37;56,6;Female;Rural;64;0,2223995
642412011;1;31;66;Male;Rural;64;0,3501439
642412011;2;30;70,9;Female;Rural;64;0,2733708
642412012;1;34;83,7;Male;Rural;64;0,2588042
642412012;2;28;54,2;Female;Rural;64;0,4994465
642412013;1;38;59,8;Male;Rural;64;0,4414193
642412013;2;38;53;Female;Rural;64;0,6580401
642412014;1;34;68,3;Male;Rural;64;0,3424779
642412014;2;33;62,1;Female;Rural;64;0,3853725
642412015;1;42;72,9;Male;Rural;64;0,4473021
642412015;2;40;62,4;Female;Rural;64;0,4698866
642412016;1;42;78,4;Male;Rural;64;0,2742296
642412016;2;38;60;Female;Rural;64;0,3323818
642412017;1;38;66,2;Male;Rural;64;0,4093432
642412017;2;37;73,3;Female;Rural;64;0,277165
642412018;1;26;56;Male;Rural;64;0,6144422
642412019;1;37;70,8;Male;Rural;64;0,506951
642412019;2;34;53,7;Female;Rural;64;0,6461356
642412020;1;26;63,9;Male;Rural;64;0,6315269
642412021;2;59;60;Female;Rural;64;0,4973326
642412022;1;36;73,5;Male;Rural;64;0,6605989
642412022;2;31;51;Female;Rural;64;0,9565989
642412024;1;61;86,8;Male;Rural;64;0,4664893
642412024;2;56;71,4;Female;Rural;64;0,4933503
642412024;3;25;61,72728;Male;Rural;64;0,5346438
642412024;4;26;47,9;Female;Rural;64;0,7040994
642412025;1;29;46,7;Male;Rural;64;0,6578201
642412025;2;27;49,5;Female;Rural;64;0,560428
642412026;1;63;77,1;Male;Rural;64;0,3986893
642412026;2;64;58,5;Female;Rural;64;0,4817256
642412027;1;26;71,1;Male;Rural;64;0,6076965
642412027;2;26;56,1;Female;Rural;64;0,589882
642412028;1;40;63;Female;Rural;64;0,3631897
642412028;2;40;71,2;Male;Rural;64;0,5388295
642412029;1;61;69,7;Male;Rural;64;0,448533
642412029;2;60;54,4;Female;Rural;64;0,5811729
642412030;2;61;80;Female;Rural;64;0,3655719
642412030;3;33;77,9;Male;Rural;64;0,5259419
642412031;1;53;97,7;Male;Rural;64;0,4496315
642412031;2;51;58,5;Female;Rural;64;0,5845569
642421001;1;27;62,9;Male;Rural;64;0,5273192
642421001;2;26;54,86304;Female;Rural;64;0,5430956
642421002;1;43;58,3;Male;Rural;64;0,547024
642421002;2;42;56;Female;Rural;64;0,5440771
642421003;1;28;64,4;Male;Rural;64;0,4447302
642421004;1;31;63;Male;Rural;64;0,1835931
642421004;2;31;53,3;Female;Rural;64;0,354225
642421005;1;34;56,6;Male;Rural;64;0,4000442
642421005;2;31;55,6;Female;Rural;64;0,6104868
642421006;1;32;62,3;Male;Rural;64;0,4789647
642421006;2;31;54,86304;Female;Rural;64;0,5474382
642421007;1;40;66;Male;Rural;64;0,4642538
642421007;2;37;49,1;Female;Rural;64;0,6150153
642421008;1;53;97;Male;Rural;64;0,3547059
642421008;2;49;62,5;Female;Rural;64;0,433306
642421009;1;56;83,3;Male;Rural;64;0,2577446
642421009;2;51;77;Female;Rural;64;0,2943539
642421009;3;28;80,6;Male;Rural;64;0,271554
642421009;4;26;54,5;Female;Rural;64;0,2446078
642421010;1;41;88,5;Male;Rural;64;0,375387
642421010;2;39;59,1;Female;Rural;64;0,5507678
642421011;1;50;56,5;Male;Rural;64;0,6000365
642421012;1;45;60,4;Male;Rural;64;0,3776407
642421012;2;41;60,8;Female;Rural;64;0,388972
642421013;1;31;60,5;Male;Rural;64;0,5322417
642421013;2;28;48,8;Female;Rural;64;0,5118545
642421015;1;52;52,6;Female;Rural;64;0,3468964
642421015;2;53;67,4;Male;Rural;64;0,3192044
642421016;1;36;48,5;Male;Rural;64;0,6280155
642421016;2;35;63,6;Female;Rural;64;0,4687716
642421018;2;32;61,5;Female;Rural;64;0,7129557
642421019;1;30;73,3;Male;Rural;64;0,4941201
642421019;2;25;52,1;Female;Rural;64;0,5414587
642421021;1;45;61,72728;Male;Rural;64;0,4323298
642421021;2;39;57,7;Female;Rural;64;0,5472487
642421022;1;42;73,2;Male;Rural;64;0,454877
642421022;2;38;52,8;Female;Rural;64;0,6222964
642421023;1;30;61,4;Male;Rural;64;0,5255292
642421023;2;29;53,5;Female;Rural;64;0,6440794
642421024;1;46;71,5;Male;Rural;64;0,4858741
642421024;2;44;64,2;Female;Rural;64;0,5271885
642421025;1;49;60,6;Male;Rural;64;0,6761304
642421025;2;48;68,5;Female;Rural;64;0,503812
642421026;1;37;73;Male;Rural;64;0,3103041
642421026;2;39;65,8;Female;Rural;64;0,37206
642421027;1;49;72,6;Male;Rural;64;0,3962702
642421027;2;47;68;Female;Rural;64;0,4656581
642421029;1;50;88,6;Male;Rural;64;0,4364696
642421029;2;45;70;Female;Rural;64;0,4830208
642421030;1;53;64,2;Male;Rural;64;0,590256
642421030;2;54;66,1;Female;Rural;64;0,3961105
642422001;1;53;75,5;Male;Rural;64;0,5325141
642422001;2;51;60,1;Female;Rural;64;0,5413562
642422001;3;27;66,9;Male;Rural;64;0,3423067
642422002;1;32;58,5;Male;Rural;64;0,3327795
642422002;2;29;60;Female;Rural;64;0,3710434
642422003;2;27;44,4;Female;Rural;64;0,4571299
642422004;1;36;61,72728;Male;Rural;64;0,3600353
642422004;2;34;57,8;Female;Rural;64;0,3377314
642422005;1;39;71,6;Male;Rural;64;0,4639962
642422005;2;37;61,9;Female;Rural;64;0,4745174
642422006;2;25;54,86304;Female;Rural;64;0,6053748
642422007;2;37;67,8;Female;Rural;64;0,5112961
642422008;1;53;78,8;Male;Rural;64;0,4537437
642422008;2;45;63,2;Female;Rural;64;0,547231
642422009;1;31;53;Female;Rural;64;0,6374623
642422010;1;28;74,5;Male;Rural;64;0,3439698
642422010;2;26;54,86304;Female;Rural;64;0,4219644
642422011;1;30;54,2;Male;Rural;64;0,4853137
642422011;2;27;50,6;Female;Rural;64;0,3550791
642422012;1;33;62,8;Male;Rural;64;0,5351154
642422012;2;30;62,4;Female;Rural;64;0,4684672
642422013;1;36;74,5;Male;Rural;64;0,438151
642422013;2;35;60;Female;Rural;64;0,4379688
642422014;1;36;75,5;Male;Rural;64;0,5010374
642422014;2;38;75,2;Female;Rural;64;0,3241765
642422015;1;38;56;Male;Rural;64;0,4138393
642422015;2;34;57,3;Female;Rural;64;0,3938394
642422016;1;29;57,1;Male;Rural;64;0,619919
642422017;1;44;61,72728;Male;Rural;64;0,3389304
642422017;2;43;50,8;Female;Rural;64;0,8095109
642422018;1;34;80,8;Male;Rural;64;0,6819563
642422018;2;33;66,4;Female;Rural;64;0,7593413
642422019;1;27;74,4;Male;Rural;64;0,5631771
642422019;2;26;61;Female;Rural;64;0,5559488
642422020;2;30;54,86304;Female;Rural;64;0,5258367
642422021;1;27;59,4;Male;Rural;64;0,8338005
642422022;1;39;79,3;Male;Rural;64;0,4053864
642422022;2;39;61;Female;Rural;64;0,5214267
642422023;1;26;62,5;Male;Rural;64;0,53517
642422024;1;49;55,2;Male;Rural;64;0,6957609
642422024;2;46;49,7;Female;Rural;64;0,7340996
642422024;4;25;54,86304;Female;Rural;64;0,6748419
642422025;1;38;63,6;Male;Rural;64;0,6466057
642422025;2;37;56,7;Female;Rural;64;0,5487831
642422026;1;47;52,3;Male;Rural;64;0,7677414
642422026;2;46;46,5;Female;Rural;64;0,935043
642422027;1;52;66,8;Male;Rural;64;0,5703836
642422027;2;47;49,2;Female;Rural;64;0,6492835
642422028;2;61;60,9;Female;Rural;64;0,650977
642422029;1;46;69;Male;Rural;64;0,5476957
642422029;2;44;61,3;Male;Rural;64;0,6490477
642422030;1;45;59,5;Male;Rural;64;0,7052416
642422030;2;44;57;Female;Rural;64;0,6560953
642431001;2;63;46,1;Female;Rural;64;0,772538
642431001;3;27;52,7;Male;Rural;64;0,6958047
642431001;4;25;54,86304;Female;Rural;64;0,5846763
642431002;1;27;56,8;Male;Rural;64;0,62989
642431002;2;27;47,7;Female;Rural;64;0,7160666
642431003;1;60;72;Male;Rural;64;0,3870237
642431003;2;52;52,8;Female;Rural;64;0,5502232
642431004;1;31;60,9;Male;Rural;64;0,6082303
642431004;2;31;71,4;Female;Rural;64;0,231923
642431005;1;38;71,1;Male;Rural;64;0,4932766
642431005;2;36;45,1;Female;Rural;64;0,763452
642431006;2;60;54,86304;Female;Rural;64;0,4389658
642431006;3;37;61,72728;Male;Rural;64;0,5132577
642431006;4;25;62,2;Male;Rural;64;0,4700723
642431007;1;38;93,3;Male;Rural;64;0,5318174
642431007;2;39;60,7;Female;Rural;64;0,7099028
642431008;1;25;61,2;Male;Rural;64;0,5755853
642431008;2;25;58,8;Female;Rural;64;0,6195973
642431009;1;33;66,2;Male;Rural;64;0,4834705
642431009;2;34;57,8;Female;Rural;64;0,5564576
642431010;1;38;94,2;Male;Rural;64;0,3778132
642431010;2;36;58,9;Female;Rural;64;0,6019949
642431011;1;28;66;Male;Rural;64;0,4530265
642431011;3;25;44;Female;Rural;64;0,6432557
642431012;1;34;70,5;Male;Rural;64;0,4888688
642431012;2;35;51,8;Female;Rural;64;0,5204513
642431013;1;49;64,2;Male;Rural;64;0,5950282
642431013;2;46;55;Female;Rural;64;0,5973773
642431014;1;46;80,4;Male;Rural;64;0,3688573
642431014;2;43;59,3;Female;Rural;64;0,5820278
642431015;1;61;71;Male;Rural;64;0,3235581
642431015;2;57;63,6;Female;Rural;64;0,4072307
642431016;1;30;62,1;Male;Rural;64;0,5874879
642431016;2;28;51,3;Female;Rural;64;0,580078
642431017;2;57;71,4;Male;Rural;64;0,4158694
642431017;3;50;61,1;Female;Rural;64;0,5984864
642431017;5;25;57;Female;Rural;64;0,6304429
642431018;1;47;56,9;Male;Rural;64;0,65384
642431018;2;46;46,9;Female;Rural;64;0,6547531
642431019;1;30;77,7;Male;Rural;64;0,5766596
642431019;2;30;54,1;Female;Rural;64;0,673158
642431020;1;56;59,3;Male;Rural;64;0,3823946
642431020;2;53;58,5;Female;Rural;64;0,5681709
642431020;4;33;53,7;Male;Rural;64;0,5774348
642431020;5;33;60;Female;Rural;64;0,7558812
642431021;1;52;65,8;Male;Rural;64;0,3580684
642431021;2;51;60,1;Female;Rural;64;0,382678
642431022;1;26;57,4;Male;Rural;64;0,6383387
642431022;2;30;54,86304;Female;Rural;64;0,4100144
642431023;1;62;61,72728;Male;Rural;64;0,4985195
642431023;2;59;57,8;Female;Rural;64;0,3454433
642431023;3;33;63,2;Male;Rural;64;0,5221701
642431023;4;30;52,6;Female;Rural;64;0,3779135
642431024;1;49;64,8;Male;Rural;64;0,6796065
642431024;2;47;60,4;Female;Rural;64;0,7044205
642431025;1;43;72,3;Male;Rural;64;0,603781
642431025;2;40;48,3;Female;Rural;64;0,6372683
642431026;2;62;52,3;Female;Rural;64;1,0382409
642431027;1;55;66,9;Male;Rural;64;0,6302504
642431027;2;53;51,4;Female;Rural;64;0,7425778
642431028;1;60;54,5;Male;Rural;64;0,7546009
642431028;2;64;60,5;Female;Rural;64;0,5735661
642431029;1;53;71,1;Male;Rural;64;0,3196099
642431029;2;48;51;Female;Rural;64;0,542285
642431029;3;27;54,2;Male;Rural;64;0,5944726
642431030;2;40;56,9;Female;Rural;64;0,7435827
642432001;1;38;61,72728;Male;Rural;64;0,4958525
642432001;2;36;56,3;Female;Rural;64;0,5284147
642432002;1;52;61,8;Male;Rural;64;0,5311349
642432002;2;50;64,3;Female;Rural;64;0,4166116
642432003;1;34;50,6;Male;Rural;64;0,6628804
642432003;2;34;52,3;Female;Rural;64;0,7833346
642432004;1;29;68,5;Male;Rural;64;0,4646186
642432004;2;31;56,5;Female;Rural;64;0,5602815
642432005;1;60;72,4;Female;Rural;64;0,3057238
642432006;1;31;64,7;Male;Rural;64;0,5286283
642432006;2;31;54,5;Female;Rural;64;0,6309037
642432007;1;30;57,4;Male;Rural;64;0,5663516
642432008;2;54;53,2;Female;Rural;64;0,3906639
642432009;1;53;53;Male;Rural;64;0,720941
642432009;2;50;54,2;Female;Rural;64;0,6598063
642432010;1;56;73,7;Male;Rural;64;0,4282853
642432010;2;51;71,2;Female;Rural;64;0,3672279
642432010;3;28;63,6;Male;Rural;64;0,4345637
642432010;4;25;54,86304;Female;Rural;64;0,3911308
642432011;1;26;63,6;Male;Rural;64;0,5235259
642432012;1;37;83,7;Male;Rural;64;0,4194086
642432012;2;36;48,1;Female;Rural;64;0,5959356
642432012;5;58;58;Male;Rural;64;0,5951228
642432012;6;56;87,9;Female;Rural;64;0,2674084
642432013;2;28;50;Male;Rural;64;0,5324295
642432014;1;45;78,1;Male;Rural;64;0,415152
642432014;2;44;57,1;Female;Rural;64;0,6239339
642432015;1;47;80;Male;Rural;64;0,436497
642432015;2;42;69,5;Female;Rural;64;0,3863581
642432016;1;37;61,4;Male;Rural;64;0,4811726
642432016;2;34;64,3;Female;Rural;64;0,4219012
642432017;1;28;80,4;Male;Rural;64;0,6921063
642432017;2;60;72,7;Female;Rural;64;0,6360151
642432017;3;25;54,86304;Female;Rural;64;0,7738653
642432018;1;32;57,2;Male;Rural;64;0,83869
642432018;2;31;53,9;Female;Rural;64;0,6790507
642432019;1;31;47,4;Male;Rural;64;0,7856665
642432019;2;30;45,4;Female;Rural;64;0,6682335
642432020;1;63;57,4;Male;Rural;64;0,5704307
642432020;2;55;61,9;Female;Rural;64;0,6658599
642432021;1;27;60,6;Male;Rural;64;0,6995754
642432021;2;29;48,6;Female;Rural;64;0,6785903
642432022;1;40;65,2;Male;Rural;64;0,6021015
642432022;2;40;56,7;Female;Rural;64;0,6963054
642432023;1;37;54,6;Male;Rural;64;1,1178451
642432023;2;35;55,3;Female;Rural;64;0,8668622
642432024;1;52;67,9;Male;Rural;64;0,5241503
642432024;2;50;73,3;Female;Rural;64;0,3938241
642432025;1;36;56,6;Male;Rural;64;0,7867889
642432025;2;36;52,3;Female;Rural;64;0,5112859
642432027;1;46;65,4;Male;Rural;64;0,6111056
642432027;2;43;73,2;Female;Rural;64;0,4998915
642432028;1;50;66,6;Male;Rural;64;0,7275231
642432028;2;45;50,9;Female;Rural;64;0,4770972
642432030;1;49;65,2;Male;Rural;64;0,7440989
642432030;2;49;75,2;Female;Rural;64;0,3486137
